employee,hours_before,hours_after,bill_before,bill_after,bill_delta,cost_before,cost_after,cost_delta,profit_before,profit_after,profit_delta
ailsa.welch@aquatechpc.com,30.0,30.0,5296.500000000001,5296.500000000001,0.0,3375.0,2250.0,-1125.0,1921.500000000001,3046.500000000001,1125.0
bertrand.byrne@aquatechpc.com,410.0,410.0,88587.59999999999,85546.49999999997,-3041.1000000000204,46327.0,36900.0,-9427.0,42260.59999999999,48646.49999999997,6385.89999999998
robert.svadlenka@aquatechpc.com,33.0,33.0,4814.02,4785.0,-29.020000000000437,2973.0,2475.0,-498.0,1841.0200000000004,2310.0,468.97999999999956
stacey.hodge@aquatechpc.com,20.7489,20.7489,2589.4362840000003,2531.3658,-58.070484000000306,1351.1785,1556.1675,204.98900000000003,1238.2577840000004,975.1983,-263.05948400000034
zachary.gilliam@aquatechpc.com,178.0,178.0,21897.559999999998,21897.559999999998,0.0,11700.0,13350.0,1650.0,10197.559999999998,8547.559999999998,-1650.0
